index,Location,RainTomorrow
209,Albury,1
293,Albury,0
339,Albury,0
347,Albury,0
365,Albury,0
437,Albury,0
596,Albury,0
617,Albury,0
705,Albury,1
786,Albury,0
805,Albury,0
821,Albury,0
838,Albury,0
845,Albury,0
858,Albury,0
1067,Albury,0
1088,Albury,1
1155,Albury,0
1262,Albury,1
1277,Albury,1
1278,Albury,1
1285,Albury,0
1559,Albury,0
1597,Albury,0
1638,Albury,0
1667,Albury,0
1687,Albury,1
1744,Albury,0
1807,Albury,1
1854,Albury,0
1958,Albury,0
1999,Albury,0
2023,Albury,1
2036,Albury,0
2063,Albury,0
2127,Albury,1
2159,Albury,1
2172,Albury,0
2226,Albury,0
2230,Albury,0
2367,Albury,0
2416,Albury,0
2515,BadgerysCreek,0
2608,BadgerysCreek,0
2618,BadgerysCreek,0
2667,BadgerysCreek,0
2674,BadgerysCreek,0
2701,BadgerysCreek,0
2733,BadgerysCreek,0
2799,BadgerysCreek,1
2906,BadgerysCreek,1
2934,BadgerysCreek,1
3023,BadgerysCreek,0
3036,BadgerysCreek,0
3076,BadgerysCreek,0
3185,BadgerysCreek,0
3310,BadgerysCreek,0
3314,BadgerysCreek,0
3358,BadgerysCreek,0
3362,BadgerysCreek,0
3391,BadgerysCreek,0
3432,BadgerysCreek,0
3503,BadgerysCreek,1
3575,BadgerysCreek,0
3646,BadgerysCreek,0
3724,BadgerysCreek,0
3794,BadgerysCreek,0
4031,BadgerysCreek,1
4070,BadgerysCreek,0
4073,BadgerysCreek,0
4109,BadgerysCreek,0
4160,BadgerysCreek,1
4189,BadgerysCreek,0
4194,BadgerysCreek,0
4273,BadgerysCreek,0
4308,BadgerysCreek,0
4342,BadgerysCreek,1
4413,BadgerysCreek,0
4514,BadgerysCreek,1
4596,BadgerysCreek,0
4657,BadgerysCreek,0
4699,BadgerysCreek,1
4714,BadgerysCreek,0
4751,BadgerysCreek,0
4922,Cobar,0
5168,Cobar,0
5217,Cobar,0
5281,Cobar,0
5361,Cobar,1
5378,Cobar,0
5381,Cobar,0
5515,Cobar,0
5535,Cobar,0
5638,Cobar,0
5655,Cobar,0
5729,Cobar,0
5738,Cobar,0
5744,Cobar,0
5772,Cobar,0
5775,Cobar,1
5795,Cobar,0
5825,Cobar,0
5833,Cobar,1
5935,Cobar,0
6003,Cobar,0
6066,Cobar,0
6109,Cobar,0
6246,Cobar,0
6254,Cobar,0
6295,Cobar,0
6369,Cobar,0
6400,Cobar,0
6401,Cobar,0
6404,Cobar,0
6419,Cobar,0
6538,Cobar,0
6543,Cobar,0
6563,Cobar,0
6564,Cobar,0
6756,Cobar,0
6768,Cobar,0
6823,Cobar,0
6927,Cobar,0
6943,Cobar,0
6944,Cobar,0
6961,Cobar,0
6963,Cobar,0
6977,Cobar,0
7062,Cobar,0
7079,Cobar,0
7086,Cobar,0
7101,Cobar,1
7187,Cobar,0
7220,Cobar,1
7258,Cobar,0
7289,Cobar,0
7334,Cobar,0
7362,Cobar,0
7434,Cobar,0
7596,CoffsHarbour,0
7611,CoffsHarbour,0
7696,CoffsHarbour,1
7731,CoffsHarbour,0
7822,CoffsHarbour,0
7826,CoffsHarbour,0
8046,CoffsHarbour,1
8080,CoffsHarbour,0
8111,CoffsHarbour,0
8148,CoffsHarbour,0
8162,CoffsHarbour,0
8186,CoffsHarbour,0
8206,CoffsHarbour,0
8260,CoffsHarbour,0
8363,CoffsHarbour,1
8372,CoffsHarbour,0
8427,CoffsHarbour,0
8454,CoffsHarbour,1
8525,CoffsHarbour,0
8541,CoffsHarbour,1
8546,CoffsHarbour,0
8555,CoffsHarbour,0
8579,CoffsHarbour,0
8673,CoffsHarbour,1
8718,CoffsHarbour,0
8886,CoffsHarbour,0
8901,CoffsHarbour,0
9056,CoffsHarbour,0
9112,CoffsHarbour,0
9175,CoffsHarbour,1
9211,CoffsHarbour,0
9269,CoffsHarbour,0
9283,CoffsHarbour,1
9338,CoffsHarbour,1
9383,CoffsHarbour,1
9427,CoffsHarbour,0
9428,CoffsHarbour,0
9467,CoffsHarbour,0
9486,CoffsHarbour,0
9511,CoffsHarbour,0
9519,CoffsHarbour,0
9566,CoffsHarbour,0
9610,CoffsHarbour,0
9653,CoffsHarbour,0
9663,CoffsHarbour,0
9738,CoffsHarbour,0
9746,CoffsHarbour,0
9750,CoffsHarbour,0
9755,CoffsHarbour,0
9798,CoffsHarbour,0
9902,CoffsHarbour,0
9937,CoffsHarbour,1
10018,CoffsHarbour,0
10051,CoffsHarbour,0
10157,Moree,0
10187,Moree,0
10292,Moree,1
10342,Moree,1
10349,Moree,0
10496,Moree,0
10549,Moree,0
10570,Moree,0
10577,Moree,0
10583,Moree,0
10615,Moree,0
10774,Moree,0
10868,Moree,0
10954,Moree,0
10958,Moree,0
10959,Moree,1
11013,Moree,0
11066,Moree,0
11117,Moree,0
11136,Moree,1
11141,Moree,0
11162,Moree,0
11166,Moree,1
11175,Moree,0
11185,Moree,0
11218,Moree,0
11276,Moree,0
11293,Moree,0
11294,Moree,0
11394,Moree,0
11403,Moree,0
11502,Moree,0
11508,Moree,0
11512,Moree,0
11513,Moree,0
11526,Moree,0
11716,Moree,0
11781,Moree,0
11860,Moree,0
11942,Moree,0
11964,Moree,0
11997,Moree,0
12057,Moree,0
12120,Moree,0
12192,Moree,0
12224,Moree,0
12233,Moree,0
12235,Moree,0
12236,Moree,0
12256,Moree,0
12279,Moree,0
12358,Moree,1
12385,Moree,1
12440,Moree,0
12515,Moree,0
12538,Moree,1
12574,Moree,0
12580,Moree,1
12608,Moree,0
12611,Moree,0
12644,Moree,0
12766,NorahHead,0
12803,NorahHead,1
12823,NorahHead,0
12849,NorahHead,1
12918,NorahHead,0
12926,NorahHead,0
12963,NorahHead,0
12999,NorahHead,1
13037,NorahHead,0
13077,NorahHead,0
13101,NorahHead,0
13102,NorahHead,0
13135,NorahHead,0
13192,NorahHead,0
13205,NorahHead,1
13206,NorahHead,0
13262,NorahHead,0
13278,NorahHead,0
13350,NorahHead,0
13402,NorahHead,0
13413,NorahHead,1
13420,NorahHead,0
13600,NorahHead,1
13683,NorahHead,1
13688,NorahHead,0
13914,NorahHead,0
13939,NorahHead,0
13940,NorahHead,1
14022,NorahHead,0
14036,NorahHead,0
14043,NorahHead,1
14058,NorahHead,0
14106,NorahHead,0
14112,NorahHead,1
14222,NorahHead,0
14238,NorahHead,0
14384,NorahHead,0
14441,NorahHead,0
14462,NorahHead,1
14482,NorahHead,0
14571,NorahHead,0
14579,NorahHead,0
14594,NorahHead,0
14607,NorahHead,0
14615,NorahHead,1
14651,NorahHead,1
14671,NorahHead,1
14697,NorahHead,0
14760,NorahHead,0
14851,NorahHead,0
14865,NorahHead,0
14872,NorahHead,0
14938,NorahHead,1
15069,NorahHead,0
15112,NorahHead,0
15135,NorahHead,0
15145,NorahHead,1
15147,NorahHead,1
15165,NorahHead,0
15235,NorahHead,0
15245,NorahHead,1
15271,NorahHead,0
15356,NorahHead,0
15460,NorahHead,1
15506,NorahHead,0
15572,NorfolkIsland,0
15676,NorfolkIsland,0
15753,NorfolkIsland,0
15852,NorfolkIsland,0
15864,NorfolkIsland,0
15877,NorfolkIsland,0
15906,NorfolkIsland,1
15938,NorfolkIsland,1
15942,NorfolkIsland,0
16040,NorfolkIsland,0
16133,NorfolkIsland,1
16149,NorfolkIsland,0
16187,NorfolkIsland,0
16204,NorfolkIsland,0
16214,NorfolkIsland,0
16221,NorfolkIsland,0
16284,NorfolkIsland,0
16334,NorfolkIsland,1
16441,NorfolkIsland,0
16586,NorfolkIsland,1
16687,NorfolkIsland,1
16763,NorfolkIsland,0
16801,NorfolkIsland,1
16863,NorfolkIsland,0
16936,NorfolkIsland,0
17035,NorfolkIsland,0
17052,NorfolkIsland,0
17059,NorfolkIsland,0
17087,NorfolkIsland,0
17152,NorfolkIsland,0
17182,NorfolkIsland,0
17240,NorfolkIsland,0
17263,NorfolkIsland,1
17425,NorfolkIsland,0
17469,NorfolkIsland,0
17591,NorfolkIsland,1
17624,NorfolkIsland,0
17656,NorfolkIsland,0
17685,NorfolkIsland,0
17690,NorfolkIsland,0
17759,NorfolkIsland,0
17814,NorfolkIsland,1
17841,NorfolkIsland,0
17864,NorfolkIsland,0
18020,NorfolkIsland,0
18030,NorfolkIsland,1
18044,NorfolkIsland,1
18045,NorfolkIsland,0
18068,NorfolkIsland,0
18070,NorfolkIsland,1
18086,NorfolkIsland,1
18230,NorfolkIsland,0
18354,NorfolkIsland,0
18390,Richmond,0
18428,Richmond,1
18433,Richmond,0
18529,Richmond,0
18536,Richmond,0
18585,Richmond,0
18590,Richmond,0
18650,Richmond,0
18741,Richmond,0
18762,Richmond,0
18838,Richmond,0
18858,Richmond,1
18879,Richmond,0
18939,Richmond,0
18945,Richmond,0
18969,Richmond,0
18978,Richmond,0
19024,Richmond,1
19038,Richmond,0
19114,Richmond,0
19115,Richmond,0
19203,Richmond,0
19228,Richmond,0
19231,Richmond,1
19250,Richmond,0
19292,Richmond,0
19327,Richmond,0
19377,Richmond,0
19416,Richmond,1
19453,Richmond,1
19516,Richmond,0
19530,Richmond,0
19555,Richmond,0
19739,Richmond,1
19786,Richmond,0
19796,Richmond,0
19815,Richmond,0
19826,Richmond,0
19874,Richmond,0
19973,Richmond,1
19995,Richmond,0
20184,Richmond,0
20226,Richmond,0
20230,Richmond,1
20372,Richmond,0
20386,Richmond,0
20416,Richmond,0
20437,Sydney,0
20576,Sydney,1
20616,Sydney,1
20656,Sydney,0
20701,Sydney,0
20707,Sydney,0
20751,Sydney,1
20785,Sydney,1
20799,Sydney,1
20808,Sydney,0
21003,Sydney,0
21014,Sydney,0
21032,Sydney,0
21114,Sydney,1
21251,Sydney,0
21311,Sydney,0
21339,Sydney,0
21404,Sydney,0
21490,Sydney,0
21598,Sydney,0
21651,Sydney,0
21714,Sydney,0
21729,Sydney,0
21738,Sydney,1
21739,Sydney,0
21789,Sydney,0
21917,Sydney,0
21922,Sydney,0
21996,Sydney,0
22061,Sydney,0
22101,Sydney,1
22178,Sydney,0
22244,Sydney,1
22293,Sydney,0
22338,Sydney,0
22454,Sydney,1
22616,Sydney,0
22646,Sydney,0
22678,Sydney,0
22731,SydneyAirport,1
22783,SydneyAirport,0
22785,SydneyAirport,0
22807,SydneyAirport,1
22816,SydneyAirport,1
22955,SydneyAirport,1
23081,SydneyAirport,0
23154,SydneyAirport,0
23413,SydneyAirport,0
23508,SydneyAirport,0
23553,SydneyAirport,0
23635,SydneyAirport,1
23639,SydneyAirport,1
23656,SydneyAirport,0
23660,SydneyAirport,1
23710,SydneyAirport,0
23840,SydneyAirport,0
23879,SydneyAirport,0
23986,SydneyAirport,0
24055,SydneyAirport,0
24065,SydneyAirport,1
24072,SydneyAirport,0
24090,SydneyAirport,0
24103,SydneyAirport,1
24137,SydneyAirport,0
24217,SydneyAirport,0
24270,SydneyAirport,0
24337,SydneyAirport,0
24388,SydneyAirport,1
24407,SydneyAirport,0
24418,SydneyAirport,0
24439,SydneyAirport,0
24529,SydneyAirport,0
24612,SydneyAirport,1
24707,SydneyAirport,1
24822,SydneyAirport,0
24838,SydneyAirport,1
24857,SydneyAirport,0
24867,SydneyAirport,0
24901,SydneyAirport,0
25045,SydneyAirport,0
25062,SydneyAirport,0
25165,SydneyAirport,1
25174,SydneyAirport,0
25290,SydneyAirport,1
25378,SydneyAirport,0
25435,SydneyAirport,1
25438,SydneyAirport,0
25468,SydneyAirport,0
25493,SydneyAirport,1
25560,SydneyAirport,0
25584,SydneyAirport,0
25614,SydneyAirport,1
25627,WaggaWagga,0
25662,WaggaWagga,0
25728,WaggaWagga,0
25776,WaggaWagga,0
25906,WaggaWagga,0
25973,WaggaWagga,0
25992,WaggaWagga,0
25993,WaggaWagga,0
26064,WaggaWagga,0
26066,WaggaWagga,0
26073,WaggaWagga,0
26172,WaggaWagga,1
26244,WaggaWagga,0
26331,WaggaWagga,1
26339,WaggaWagga,0
26424,WaggaWagga,1
26461,WaggaWagga,0
26470,WaggaWagga,0
26482,WaggaWagga,0
26487,WaggaWagga,0
26517,WaggaWagga,0
26518,WaggaWagga,0
26521,WaggaWagga,0
26574,WaggaWagga,1
26585,WaggaWagga,0
26843,WaggaWagga,0
26875,WaggaWagga,0
26971,WaggaWagga,0
26991,WaggaWagga,1
27192,WaggaWagga,0
27199,WaggaWagga,0
27260,WaggaWagga,0
27333,WaggaWagga,0
27358,WaggaWagga,0
27459,WaggaWagga,0
27543,WaggaWagga,0
27554,WaggaWagga,0
27648,WaggaWagga,0
27741,WaggaWagga,0
27816,WaggaWagga,1
27822,WaggaWagga,0
27832,WaggaWagga,0
27962,WaggaWagga,0
28103,WaggaWagga,0
28142,WaggaWagga,1
28178,WaggaWagga,1
28201,WaggaWagga,0
28230,WaggaWagga,0
28390,WaggaWagga,0
28450,Williamtown,0
28524,Williamtown,1
28724,Williamtown,0
28791,Williamtown,0
28807,Williamtown,1
28939,Williamtown,1
28953,Williamtown,0
29042,Williamtown,0
29098,Williamtown,1
29145,Williamtown,0
29290,Williamtown,0
29430,Williamtown,0
29469,Williamtown,0
29471,Williamtown,0
29472,Williamtown,0
29537,Williamtown,0
29652,Williamtown,0
29674,Williamtown,0
29730,Williamtown,0
29893,Williamtown,1
29990,Williamtown,0
30027,Williamtown,0
30137,Williamtown,0
30189,Williamtown,0
30206,Williamtown,0
30280,Williamtown,0
30445,Williamtown,0
30469,Williamtown,1
30476,Williamtown,0
30484,Williamtown,0
30656,Wollongong,0
30710,Wollongong,0
30719,Wollongong,0
30731,Wollongong,1
30881,Wollongong,1
30946,Wollongong,0
31009,Wollongong,0
31054,Wollongong,0
31112,Wollongong,0
31152,Wollongong,0
31169,Wollongong,0
31213,Wollongong,0
31243,Wollongong,1
31275,Wollongong,0
31276,Wollongong,0
31302,Wollongong,0
31309,Wollongong,0
31405,Wollongong,0
31424,Wollongong,1
31466,Wollongong,0
31481,Wollongong,0
31522,Wollongong,0
31578,Wollongong,1
31592,Wollongong,1
31655,Wollongong,0
31732,Wollongong,0
31768,Wollongong,0
31772,Wollongong,0
31850,Wollongong,0
31866,Wollongong,0
31880,Wollongong,0
31971,Wollongong,0
31994,Wollongong,0
32088,Wollongong,0
32148,Wollongong,1
32158,Wollongong,0
32165,Wollongong,1
32172,Wollongong,0
32217,Wollongong,1
32242,Wollongong,0
32373,Wollongong,0
32394,Wollongong,0
32435,Wollongong,0
32543,Wollongong,1
32566,Wollongong,1
32574,Wollongong,1
32596,Wollongong,0
32772,Wollongong,1
32995,Wollongong,0
33052,Wollongong,0
33453,Canberra,0
33502,Canberra,0
33521,Canberra,0
33522,Canberra,1
33524,Canberra,0
33544,Canberra,0
33701,Canberra,0
33782,Canberra,1
33835,Canberra,0
33861,Canberra,0
33864,Canberra,0
33913,Canberra,1
33987,Canberra,0
33989,Canberra,0
34075,Canberra,0
34082,Canberra,0
34150,Canberra,0
34220,Canberra,1
34285,Canberra,1
34293,Canberra,0
34376,Canberra,0
34385,Canberra,0
34397,Canberra,0
34440,Canberra,0
34471,Canberra,0
34547,Canberra,0
34556,Canberra,0
34672,Canberra,0
34883,Canberra,0
34887,Canberra,0
34899,Canberra,1
34917,Canberra,0
34931,Canberra,0
34985,Canberra,1
34989,Canberra,0
35008,Canberra,0
35032,Canberra,0
35054,Canberra,0
35056,Canberra,1
35109,Canberra,0
35138,Canberra,0
35149,Canberra,0
35178,Canberra,0
35182,Canberra,0
35207,Canberra,0
35215,Canberra,1
35271,Canberra,1
35294,Canberra,0
35455,Canberra,0
35548,Canberra,0
35616,Canberra,0
35835,Canberra,0
35876,Canberra,1
35887,Canberra,0
35929,Canberra,0
35966,Canberra,0
35976,Canberra,1
36044,Canberra,0
36096,Canberra,0
36124,Tuggeranong,1
36191,Tuggeranong,0
36317,Tuggeranong,0
36344,Tuggeranong,0
36356,Tuggeranong,1
36447,Tuggeranong,0
36463,Tuggeranong,1
36491,Tuggeranong,1
36535,Tuggeranong,0
36564,Tuggeranong,0
36588,Tuggeranong,0
36625,Tuggeranong,1
36635,Tuggeranong,0
36673,Tuggeranong,1
36788,Tuggeranong,0
36790,Tuggeranong,0
36857,Tuggeranong,0
36962,Tuggeranong,0
36968,Tuggeranong,0
36987,Tuggeranong,0
37153,Tuggeranong,0
37231,Tuggeranong,1
37446,Tuggeranong,0
37538,Tuggeranong,0
37570,Tuggeranong,0
37815,Tuggeranong,0
37846,Tuggeranong,0
37878,Tuggeranong,1
37911,Tuggeranong,1
37982,Tuggeranong,1
37995,Tuggeranong,0
38375,Tuggeranong,0
38506,Ballarat,0
38559,Ballarat,1
38563,Ballarat,1
38639,Ballarat,1
38752,Ballarat,0
38771,Ballarat,1
38922,Ballarat,1
39033,Ballarat,0
39063,Ballarat,0
39110,Ballarat,1
39257,Ballarat,0
39271,Ballarat,0
39318,Ballarat,0
39439,Ballarat,1
39545,Ballarat,0
39615,Ballarat,0
39664,Ballarat,0
39714,Ballarat,0
39723,Ballarat,1
39729,Ballarat,0
39764,Ballarat,0
39845,Ballarat,0
39886,Ballarat,1
39915,Ballarat,0
39916,Ballarat,1
40056,Ballarat,0
40137,Ballarat,0
40461,Ballarat,0
40557,Ballarat,0
40572,Ballarat,1
40595,Ballarat,1
40647,Ballarat,1
40709,Ballarat,0
40741,Ballarat,0
40953,Ballarat,0
41030,Ballarat,0
41171,Ballarat,0
41206,Ballarat,0
41283,Bendigo,0
41313,Bendigo,0
41383,Bendigo,0
41415,Bendigo,1
41459,Bendigo,0
41468,Bendigo,1
41478,Bendigo,0
41584,Bendigo,1
41618,Bendigo,0
41646,Bendigo,0
41658,Bendigo,0
41763,Bendigo,0
41784,Bendigo,1
41794,Bendigo,1
41985,Bendigo,0
42028,Bendigo,0
42045,Bendigo,0
42062,Bendigo,0
42201,Bendigo,0
42209,Bendigo,1
42225,Bendigo,0
42276,Bendigo,0
42318,Bendigo,0
42338,Bendigo,0
42430,Bendigo,1
42444,Bendigo,0
42478,Bendigo,0
42480,Bendigo,1
42481,Bendigo,0
42618,Bendigo,0
42683,Bendigo,0
42686,Bendigo,0
42774,Bendigo,0
42887,Bendigo,0
42957,Bendigo,0
42960,Bendigo,0
43097,Bendigo,0
43178,Bendigo,0
43243,Bendigo,0
43287,Bendigo,0
43296,Bendigo,1
43442,Bendigo,1
43506,Bendigo,0
43741,Bendigo,0
43757,Bendigo,0
43767,Bendigo,0
43877,Bendigo,0
43912,Bendigo,1
43971,Bendigo,1
44120,Sale,1
44160,Sale,0
44161,Sale,0
44195,Sale,1
44294,Sale,0
44304,Sale,0
44442,Sale,0
44524,Sale,0
44546,Sale,0
44648,Sale,1
44677,Sale,0
44927,Sale,1
44946,Sale,0
45022,Sale,0
45062,Sale,0
45128,Sale,0
45187,Sale,0
45260,Sale,0
45296,Sale,0
45419,Sale,0
45438,Sale,1
45455,Sale,0
45489,Sale,0
45513,Sale,1
45527,Sale,1
45560,Sale,1
45577,Sale,0
45683,Sale,0
45704,Sale,1
45706,Sale,1
45940,Sale,0
45971,Sale,0
45998,Sale,1
46122,Sale,0
46127,Sale,0
46130,Sale,0
46237,Sale,0
46368,Sale,0
46682,Sale,0
46697,Sale,0
46712,Sale,0
46740,MelbourneAirport,0
46813,MelbourneAirport,0
46828,MelbourneAirport,0
46863,MelbourneAirport,0
46879,MelbourneAirport,1
47052,MelbourneAirport,0
47066,MelbourneAirport,0
47100,MelbourneAirport,0
47145,MelbourneAirport,0
47166,MelbourneAirport,0
47186,MelbourneAirport,0
47227,MelbourneAirport,1
47254,MelbourneAirport,0
47416,MelbourneAirport,0
47542,MelbourneAirport,1
47559,MelbourneAirport,0
47661,MelbourneAirport,0
47685,MelbourneAirport,0
47703,MelbourneAirport,0
47751,MelbourneAirport,1
47936,MelbourneAirport,1
47951,MelbourneAirport,0
48006,MelbourneAirport,0
48080,MelbourneAirport,0
48131,MelbourneAirport,0
48146,MelbourneAirport,0
48283,MelbourneAirport,0
48360,MelbourneAirport,0
48405,MelbourneAirport,0
48523,MelbourneAirport,0
48527,MelbourneAirport,0
48626,MelbourneAirport,1
48637,MelbourneAirport,0
48879,MelbourneAirport,0
48900,MelbourneAirport,0
48901,MelbourneAirport,1
48984,MelbourneAirport,0
48996,MelbourneAirport,0
49082,MelbourneAirport,0
49128,MelbourneAirport,0
49156,MelbourneAirport,0
49319,MelbourneAirport,0
49361,MelbourneAirport,0
49432,MelbourneAirport,0
49481,MelbourneAirport,0
49621,MelbourneAirport,0
49680,Melbourne,1
49693,Melbourne,0
49749,Melbourne,0
49779,Melbourne,0
49806,Melbourne,0
49877,Melbourne,0
49907,Melbourne,0
49937,Melbourne,0
49964,Melbourne,0
50008,Melbourne,1
50021,Melbourne,0
50054,Melbourne,0
50096,Melbourne,1
50203,Melbourne,0
50228,Melbourne,0
50234,Melbourne,0
50301,Melbourne,0
50308,Melbourne,0
50438,Melbourne,0
50558,Melbourne,0
50755,Melbourne,1
50823,Melbourne,0
50848,Melbourne,0
50866,Melbourne,0
50881,Melbourne,1
50911,Melbourne,0
50944,Melbourne,0
51014,Melbourne,0
51096,Melbourne,0
51206,Melbourne,0
51209,Melbourne,0
51256,Melbourne,0
51308,Melbourne,0
51318,Melbourne,0
51347,Melbourne,0
51361,Melbourne,0
51385,Melbourne,0
51394,Melbourne,0
51418,Melbourne,1
51538,Melbourne,0
51584,Melbourne,1
51650,Melbourne,1
51744,Melbourne,0
51837,Melbourne,0
51898,Mildura,0
51905,Mildura,0
51956,Mildura,0
51968,Mildura,0
52110,Mildura,0
52159,Mildura,0
52327,Mildura,0
52343,Mildura,1
52354,Mildura,0
52371,Mildura,0
52408,Mildura,0
52411,Mildura,0
52415,Mildura,1
52436,Mildura,0
52445,Mildura,0
52471,Mildura,1
52713,Mildura,0
52769,Mildura,0
52849,Mildura,0
52864,Mildura,0
52943,Mildura,0
52965,Mildura,0
52976,Mildura,1
52990,Mildura,0
53005,Mildura,0
53040,Mildura,0
53184,Mildura,0
53239,Mildura,0
53263,Mildura,0
53281,Mildura,0
53352,Mildura,1
53357,Mildura,0
53590,Mildura,0
53626,Mildura,0
53712,Mildura,0
53714,Mildura,0
53744,Mildura,0
53762,Mildura,0
53769,Mildura,0
53781,Mildura,0
53782,Mildura,0
53873,Mildura,0
53898,Mildura,0
53906,Mildura,0
53947,Mildura,0
54000,Mildura,0
54001,Mildura,0
54208,Mildura,0
54216,Mildura,0
54241,Mildura,0
54279,Mildura,0
54305,Mildura,0
54318,Mildura,0
54330,Mildura,0
54411,Mildura,1
54431,Mildura,0
54452,Mildura,0
54471,Mildura,1
54525,Mildura,0
54541,Mildura,0
54550,Mildura,0
54577,Mildura,0
54610,Mildura,0
54675,Mildura,0
54683,Mildura,0
54965,Nhil,0
54993,Nhil,1
55023,Nhil,0
55087,Nhil,1
55304,Nhil,0
55489,Nhil,0
55491,Nhil,0
55501,Nhil,0
55549,Nhil,1
55591,Nhil,0
55761,Nhil,0
55790,Nhil,0
55827,Nhil,0
55860,Nhil,0
56070,Nhil,0
56104,Nhil,0
56125,Nhil,1
56180,Nhil,0
56215,Nhil,0
56217,Nhil,1
56281,Nhil,1
56299,Nhil,0
56366,Portland,1
56500,Portland,1
56568,Portland,0
56584,Portland,0
56714,Portland,0
56732,Portland,0
56770,Portland,1
56871,Portland,0
56887,Portland,1
57010,Portland,0
57026,Portland,1
57120,Portland,0
57173,Portland,1
57297,Portland,0
57319,Portland,0
57381,Portland,1
57388,Portland,1
57407,Portland,1
57567,Portland,0
57568,Portland,0
57573,Portland,0
57644,Portland,0
57670,Portland,0
57693,Portland,0
57803,Portland,1
57828,Portland,1
57870,Portland,1
57962,Portland,0
57982,Portland,0
58018,Portland,1
58041,Portland,1
58073,Portland,1
58097,Portland,1
58131,Portland,1
58202,Portland,0
58216,Portland,0
58272,Portland,0
58326,Portland,1
58522,Portland,0
58556,Portland,0
58625,Portland,1
58738,Portland,0
58843,Portland,0
58931,Portland,0
59031,Portland,0
59057,Portland,0
59063,Portland,1
59095,Portland,1
59100,Portland,1
59169,Watsonia,0
59179,Watsonia,0
59283,Watsonia,0
59356,Watsonia,0
59405,Watsonia,0
59530,Watsonia,1
59543,Watsonia,0
59614,Watsonia,0
59701,Watsonia,0
59734,Watsonia,1
59871,Watsonia,0
59961,Watsonia,0
60145,Watsonia,0
60179,Watsonia,0
60217,Watsonia,1
60233,Watsonia,0
60306,Watsonia,1
60334,Watsonia,0
60404,Watsonia,1
60567,Watsonia,0
60640,Watsonia,0
60648,Watsonia,1
60782,Watsonia,0
60993,Watsonia,0
61042,Watsonia,0
61155,Watsonia,0
61178,Watsonia,0
61238,Watsonia,0
61278,Watsonia,0
61283,Watsonia,0
61295,Watsonia,1
61299,Watsonia,0
61361,Watsonia,0
61381,Watsonia,0
61390,Watsonia,0
61492,Watsonia,0
61566,Watsonia,0
61582,Watsonia,1
61589,Watsonia,0
61635,Watsonia,1
61673,Watsonia,0
61686,Watsonia,0
61698,Watsonia,0
61735,Watsonia,0
61751,Watsonia,0
61872,Dartmoor,0
61994,Dartmoor,1
62279,Dartmoor,0
62281,Dartmoor,1
62287,Dartmoor,1
62292,Dartmoor,0
62323,Dartmoor,0
62341,Dartmoor,0
62358,Dartmoor,1
62407,Dartmoor,0
62410,Dartmoor,0
62413,Dartmoor,1
62452,Dartmoor,0
62596,Dartmoor,0
62655,Dartmoor,1
62802,Dartmoor,1
62826,Dartmoor,1
62927,Dartmoor,0
63062,Dartmoor,0
63063,Dartmoor,1
63099,Dartmoor,1
63248,Dartmoor,0
63265,Dartmoor,0
63295,Dartmoor,1
63312,Dartmoor,0
63388,Dartmoor,0
63520,Dartmoor,0
63578,Dartmoor,0
63666,Dartmoor,0
63680,Dartmoor,0
63721,Dartmoor,0
63752,Dartmoor,0
63796,Dartmoor,0
63875,Dartmoor,0
63902,Dartmoor,0
63923,Dartmoor,0
63955,Dartmoor,0
63973,Dartmoor,0
64000,Dartmoor,0
64155,Dartmoor,0
64282,Brisbane,0
64296,Brisbane,0
64471,Brisbane,1
64496,Brisbane,0
64528,Brisbane,0
64545,Brisbane,0
64556,Brisbane,0
64644,Brisbane,0
64719,Brisbane,1
64724,Brisbane,0
64979,Brisbane,1
65014,Brisbane,0
65015,Brisbane,0
65048,Brisbane,0
65099,Brisbane,0
65164,Brisbane,0
65176,Brisbane,0
65216,Brisbane,0
65263,Brisbane,0
65269,Brisbane,1
65365,Brisbane,1
65476,Brisbane,0
65520,Brisbane,0
65571,Brisbane,0
65606,Brisbane,0
65615,Brisbane,0
65616,Brisbane,0
65787,Brisbane,1
65949,Brisbane,1
65958,Brisbane,0
65971,Brisbane,0
66100,Brisbane,0
66102,Brisbane,1
66213,Brisbane,0
66222,Brisbane,0
66277,Brisbane,0
66370,Brisbane,1
66371,Brisbane,0
66591,Brisbane,0
66633,Brisbane,0
66758,Brisbane,0
66816,Brisbane,0
66859,Brisbane,0
66930,Brisbane,0
67245,Cairns,0
67295,Cairns,1
67317,Cairns,0
67529,Cairns,0
67595,Cairns,0
67756,Cairns,0
67788,Cairns,1
67819,Cairns,0
67854,Cairns,1
67911,Cairns,1
67954,Cairns,0
67991,Cairns,0
68087,Cairns,0
68248,Cairns,0
68270,Cairns,1
68366,Cairns,1
68414,Cairns,0
68425,Cairns,0
68561,Cairns,1
68591,Cairns,0
68593,Cairns,0
68600,Cairns,1
68678,Cairns,1
68742,Cairns,0
68887,Cairns,1
68907,Cairns,1
68996,Cairns,1
69079,Cairns,0
69240,Cairns,0
69319,Cairns,0
69348,Cairns,0
69356,Cairns,1
69362,Cairns,1
69389,Cairns,0
69475,Cairns,0
69541,Cairns,0
69751,Cairns,0
69764,Cairns,1
69842,Cairns,1
69866,Cairns,0
69877,Cairns,0
69989,Cairns,1
70029,Cairns,0
70117,GoldCoast,0
70134,GoldCoast,0
70251,GoldCoast,0
70261,GoldCoast,0
70353,GoldCoast,1
70379,GoldCoast,0
70390,GoldCoast,1
70409,GoldCoast,1
70426,GoldCoast,0
70591,GoldCoast,0
70614,GoldCoast,0
70682,GoldCoast,0
70696,GoldCoast,0
70715,GoldCoast,0
70801,GoldCoast,0
70896,GoldCoast,1
70919,GoldCoast,0
70920,GoldCoast,0
70938,GoldCoast,1
70967,GoldCoast,1
70984,GoldCoast,0
70999,GoldCoast,0
71006,GoldCoast,0
71041,GoldCoast,0
71083,GoldCoast,0
71138,GoldCoast,0
71239,GoldCoast,0
71336,GoldCoast,0
71385,GoldCoast,0
71846,GoldCoast,0
71869,GoldCoast,0
71902,GoldCoast,0
72039,GoldCoast,0
72145,GoldCoast,1
72168,GoldCoast,1
72320,GoldCoast,1
72414,GoldCoast,1
72430,GoldCoast,1
72529,GoldCoast,0
72561,GoldCoast,0
72576,GoldCoast,0
72602,GoldCoast,0
72721,GoldCoast,0
72774,GoldCoast,0
72796,GoldCoast,1
72819,GoldCoast,0
72919,Townsville,0
72956,Townsville,1
73163,Townsville,0
73216,Townsville,0
73286,Townsville,1
73358,Townsville,0
73392,Townsville,0
73394,Townsville,0
73434,Townsville,0
73455,Townsville,0
73550,Townsville,0
73608,Townsville,0
73705,Townsville,0
73713,Townsville,0
73716,Townsville,0
73781,Townsville,0
73825,Townsville,0
73839,Townsville,0
73863,Townsville,0
73894,Townsville,0
73904,Townsville,0
74057,Townsville,0
74256,Townsville,0
74279,Townsville,0
74302,Townsville,0
74338,Townsville,0
74362,Townsville,1
74426,Townsville,0
74705,Townsville,0
74714,Townsville,0
74819,Townsville,0
74939,Townsville,0
74989,Townsville,0
74993,Townsville,0
75003,Townsville,0
75029,Townsville,0
75052,Townsville,0
75277,Townsville,0
75336,Townsville,0
75360,Townsville,1
75391,Townsville,0
75427,Townsville,0
75510,Townsville,0
75572,Townsville,0
75734,Townsville,0
75745,Townsville,0
75885,Adelaide,1
76111,Adelaide,1
76170,Adelaide,0
76180,Adelaide,1
76261,Adelaide,0
76385,Adelaide,1
76407,Adelaide,0
76423,Adelaide,0
76447,Adelaide,1
76558,Adelaide,0
76707,Adelaide,0
76776,Adelaide,0
76851,Adelaide,0
76861,Adelaide,0
76885,Adelaide,0
76911,Adelaide,0
77016,Adelaide,0
77049,Adelaide,0
77051,Adelaide,0
77077,Adelaide,1
77139,Adelaide,0
77218,Adelaide,0
77235,Adelaide,0
77258,Adelaide,1
77279,Adelaide,1
77282,Adelaide,0
77313,Adelaide,1
77329,Adelaide,1
77343,Adelaide,1
77366,Adelaide,0
77369,Adelaide,0
77419,Adelaide,0
77608,Adelaide,0
77610,Adelaide,0
77618,Adelaide,0
77634,Adelaide,1
77832,Adelaide,0
77885,Adelaide,0
78004,Adelaide,0
78132,Adelaide,0
78174,Adelaide,0
78213,Adelaide,0
78230,Adelaide,1
78356,Adelaide,0
78360,Adelaide,0
78434,Adelaide,0
78477,Adelaide,0
78485,Adelaide,0
78579,MountGambier,0
78771,MountGambier,1
78790,MountGambier,0
78795,MountGambier,0
78813,MountGambier,0
78887,MountGambier,0
78896,MountGambier,0
78944,MountGambier,0
78984,MountGambier,0
79008,MountGambier,0
79091,MountGambier,0
79196,MountGambier,0
79226,MountGambier,0
79266,MountGambier,0
79278,MountGambier,0
79299,MountGambier,0
79386,MountGambier,0
79398,MountGambier,0
79459,MountGambier,1
79480,MountGambier,0
79502,MountGambier,0
79539,MountGambier,0
79714,MountGambier,1
79717,MountGambier,0
79757,MountGambier,1
79875,MountGambier,0
79908,MountGambier,0
79920,MountGambier,0
79947,MountGambier,0
79958,MountGambier,0
79984,MountGambier,0
80126,MountGambier,1
80152,MountGambier,1
80227,MountGambier,0
80249,MountGambier,0
80316,MountGambier,1
80367,MountGambier,1
80437,MountGambier,0
80502,MountGambier,0
80508,MountGambier,0
80523,MountGambier,0
80585,MountGambier,0
80609,MountGambier,0
80669,MountGambier,0
80894,MountGambier,0
80923,MountGambier,0
80951,MountGambier,0
81049,MountGambier,0
81068,MountGambier,1
81158,MountGambier,0
81174,MountGambier,1
81233,MountGambier,0
81351,MountGambier,1
81390,MountGambier,0
81405,MountGambier,1
81412,Nuriootpa,0
81421,Nuriootpa,0
81434,Nuriootpa,0
81566,Nuriootpa,0
81636,Nuriootpa,0
81677,Nuriootpa,0
81695,Nuriootpa,0
81739,Nuriootpa,0
81744,Nuriootpa,0
81747,Nuriootpa,0
81748,Nuriootpa,0
81981,Nuriootpa,0
82041,Nuriootpa,1
82067,Nuriootpa,0
82293,Nuriootpa,0
82318,Nuriootpa,0
82324,Nuriootpa,1
82342,Nuriootpa,0
82366,Nuriootpa,0
82463,Nuriootpa,0
82557,Nuriootpa,1
82656,Nuriootpa,0
82679,Nuriootpa,0
82749,Nuriootpa,0
82752,Nuriootpa,0
82793,Nuriootpa,0
82822,Nuriootpa,0
82905,Nuriootpa,0
83376,Nuriootpa,0
83420,Nuriootpa,0
83555,Nuriootpa,1
83569,Nuriootpa,0
83619,Nuriootpa,0
83771,Nuriootpa,0
83782,Nuriootpa,0
83879,Nuriootpa,1
83916,Nuriootpa,1
83982,Nuriootpa,0
83987,Nuriootpa,0
84019,Nuriootpa,0
84094,Nuriootpa,0
84103,Nuriootpa,0
84156,Nuriootpa,0
84181,Nuriootpa,0
84194,Nuriootpa,0
84210,Woomera,0
84246,Woomera,0
84249,Woomera,0
84259,Woomera,0
84285,Woomera,0
84322,Woomera,0
84350,Woomera,0
84457,Woomera,0
84552,Woomera,0
84576,Woomera,0
84680,Woomera,0
84742,Woomera,0
84935,Woomera,0
84969,Woomera,0
85045,Woomera,0
85073,Woomera,0
85187,Woomera,0
85212,Woomera,0
85249,Woomera,0
85299,Woomera,0
85403,Woomera,0
85437,Woomera,0
85477,Woomera,0
85615,Woomera,0
85721,Woomera,0
85828,Woomera,0
85833,Woomera,0
85857,Woomera,0
85861,Woomera,0
86004,Woomera,0
86017,Woomera,0
86063,Woomera,0
86115,Woomera,0
86138,Woomera,0
86246,Woomera,0
86315,Woomera,0
86360,Woomera,0
86411,Woomera,0
86419,Woomera,0
86422,Woomera,0
86425,Woomera,0
86466,Woomera,0
86513,Woomera,0
86667,Woomera,0
86701,Woomera,0
86769,Woomera,1
86789,Woomera,0
86796,Woomera,0
86833,Woomera,0
86837,Woomera,0
87169,Witchcliffe,0
87226,Witchcliffe,1
87237,Witchcliffe,1
87299,Witchcliffe,1
87323,Witchcliffe,0
87336,Witchcliffe,0
87345,Witchcliffe,0
87372,Witchcliffe,0
87506,Witchcliffe,0
87511,Witchcliffe,0
87530,Witchcliffe,1
87666,Witchcliffe,0
87698,Witchcliffe,0
87729,Witchcliffe,0
87744,Witchcliffe,1
87835,Witchcliffe,0
87902,Witchcliffe,0
87959,Witchcliffe,1
88096,Witchcliffe,1
88106,Witchcliffe,1
88176,Witchcliffe,1
88254,Witchcliffe,0
88312,Witchcliffe,0
88353,Witchcliffe,0
88395,Witchcliffe,0
88508,Witchcliffe,0
88596,Witchcliffe,0
88707,Witchcliffe,1
88723,Witchcliffe,0
88781,Witchcliffe,1
88819,Witchcliffe,1
88943,Witchcliffe,1
88977,Witchcliffe,0
89017,Witchcliffe,1
89039,Witchcliffe,0
89119,Witchcliffe,0
89149,Witchcliffe,1
89244,Witchcliffe,0
89273,Witchcliffe,0
89345,Witchcliffe,0
89373,Witchcliffe,1
89468,PearceRAAF,0
89543,PearceRAAF,0
89630,PearceRAAF,0
89693,PearceRAAF,0
89697,PearceRAAF,0
89706,PearceRAAF,0
90102,PearceRAAF,1
90153,PearceRAAF,0
90205,PearceRAAF,0
90225,PearceRAAF,0
90263,PearceRAAF,0
90285,PearceRAAF,0
90305,PearceRAAF,0
90330,PearceRAAF,0
90424,PearceRAAF,0
90431,PearceRAAF,1
90551,PearceRAAF,0
90625,PearceRAAF,0
90715,PearceRAAF,0
90726,PearceRAAF,0
90871,PearceRAAF,0
90876,PearceRAAF,0
90904,PearceRAAF,1
90908,PearceRAAF,0
90923,PearceRAAF,0
90943,PearceRAAF,1
91005,PearceRAAF,0
91061,PearceRAAF,0
91114,PearceRAAF,0
91201,PearceRAAF,1
91265,PearceRAAF,0
91338,PearceRAAF,0
91388,PearceRAAF,0
91507,PearceRAAF,0
91524,PearceRAAF,0
91587,PearceRAAF,1
91674,PearceRAAF,0
91690,PearceRAAF,0
91719,PearceRAAF,0
91738,PearceRAAF,0
91806,PearceRAAF,0
91912,PerthAirport,1
91971,PerthAirport,0
92040,PerthAirport,0
92126,PerthAirport,0
92134,PerthAirport,0
92231,PerthAirport,0
92311,PerthAirport,0
92350,PerthAirport,1
92419,PerthAirport,0
92448,PerthAirport,0
92486,PerthAirport,0
92661,PerthAirport,0
92696,PerthAirport,1
92721,PerthAirport,1
92777,PerthAirport,0
92825,PerthAirport,0
92865,PerthAirport,0
92888,PerthAirport,0
92955,PerthAirport,0
93124,PerthAirport,0
93134,PerthAirport,0
93228,PerthAirport,0
93250,PerthAirport,0
93292,PerthAirport,1
93298,PerthAirport,0
93317,PerthAirport,0
93412,PerthAirport,0
93582,PerthAirport,0
93604,PerthAirport,0
93654,PerthAirport,0
93660,PerthAirport,1
93662,PerthAirport,1
93669,PerthAirport,0
93752,PerthAirport,0
93825,PerthAirport,0
93826,PerthAirport,0
93849,PerthAirport,0
93880,PerthAirport,0
93953,PerthAirport,0
94023,PerthAirport,0
94051,PerthAirport,0
94156,PerthAirport,0
94277,PerthAirport,0
94300,PerthAirport,0
94344,PerthAirport,0
94373,PerthAirport,1
94440,PerthAirport,0
94448,PerthAirport,0
94467,PerthAirport,1
94469,PerthAirport,0
94606,PerthAirport,0
94731,PerthAirport,0
94808,Perth,1
94848,Perth,1
94874,Perth,0
94942,Perth,0
95007,Perth,0
95043,Perth,0
95196,Perth,1
95235,Perth,0
95339,Perth,0
95406,Perth,0
95441,Perth,0
95481,Perth,1
95618,Perth,0
95778,Perth,0
95790,Perth,0
95840,Perth,0
95855,Perth,0
95896,Perth,0
95926,Perth,1
96058,Perth,0
96194,Perth,0
96199,Perth,0
96223,Perth,0
96245,Perth,0
96282,Perth,0
96350,Perth,0
96388,Perth,0
96492,Perth,1
96545,Perth,0
96607,Perth,0
96663,Perth,0
96711,Perth,0
96804,Perth,0
96817,Perth,0
96829,Perth,1
96832,Perth,0
96906,Perth,0
97069,Perth,0
97082,Perth,0
97120,Perth,1
97121,Perth,1
97191,Perth,0
97213,Perth,0
97259,Perth,0
97267,Perth,0
97311,Perth,0
97391,Perth,0
97395,Perth,0
97536,Perth,0
97567,Perth,0
97604,Perth,1
97660,Perth,0
97707,Perth,0
97973,Walpole,1
97988,Walpole,1
97989,Walpole,1
98078,Walpole,1
98116,Walpole,0
98132,Walpole,0
98235,Walpole,0
98392,Walpole,0
98579,Walpole,0
98590,Walpole,1
98639,Walpole,1
98682,Walpole,0
98708,Walpole,0
98736,Walpole,0
98746,Walpole,0
98796,Walpole,0
98886,Walpole,0
98896,Walpole,0
99150,Walpole,1
99223,Walpole,0
99249,Walpole,0
99329,Walpole,0
99438,Walpole,0
99458,Walpole,1
99657,Walpole,0
99672,Walpole,1
99713,Walpole,0
99721,Walpole,1
99769,Walpole,1
99826,Walpole,0
99877,Walpole,0
99880,Walpole,0
99988,Walpole,0
100001,Walpole,0
100114,Walpole,0
100136,Walpole,0
100176,Walpole,0
100231,Walpole,1
100300,Walpole,1
100389,Hobart,0
100464,Hobart,0
100546,Hobart,1
100622,Hobart,0
100661,Hobart,0
100863,Hobart,0
101017,Hobart,0
101054,Hobart,0
101082,Hobart,1
101094,Hobart,0
101110,Hobart,0
101121,Hobart,0
101229,Hobart,0
101237,Hobart,1
101272,Hobart,0
101349,Hobart,0
101452,Hobart,0
101474,Hobart,0
101494,Hobart,0
101526,Hobart,1
101549,Hobart,0
101640,Hobart,1
101738,Hobart,1
101786,Hobart,1
101812,Hobart,0
101822,Hobart,0
101830,Hobart,0
101840,Hobart,0
101878,Hobart,1
101908,Hobart,1
101921,Hobart,0
101926,Hobart,0
102041,Hobart,1
102045,Hobart,0
102169,Hobart,0
102173,Hobart,0
102297,Hobart,0
102311,Hobart,0
102318,Hobart,0
102340,Hobart,0
102348,Hobart,0
102466,Hobart,0
102488,Hobart,0
102521,Hobart,0
102586,Hobart,0
102629,Hobart,0
102656,Hobart,0
102670,Hobart,0
102689,Hobart,1
102777,Hobart,0
102835,Hobart,0
102837,Hobart,0
102858,Hobart,0
102978,Hobart,0
103045,Hobart,0
103080,Hobart,1
103109,Hobart,0
103164,Hobart,0
103261,Hobart,1
103364,Hobart,1
103377,Hobart,0
103415,Launceston,0
103547,Launceston,1
103554,Launceston,0
103659,Launceston,1
103670,Launceston,0
103883,Launceston,0
104054,Launceston,0
104083,Launceston,0
104129,Launceston,1
104175,Launceston,0
104180,Launceston,0
104200,Launceston,1
104216,Launceston,0
104241,Launceston,1
104257,Launceston,0
104269,Launceston,0
104339,Launceston,0
104531,Launceston,0
104569,Launceston,0
104627,Launceston,0
104714,Launceston,1
104788,Launceston,0
104799,Launceston,0
104858,Launceston,1
104921,Launceston,0
105081,AliceSprings,0
105130,AliceSprings,0
105146,AliceSprings,0
105186,AliceSprings,0
105305,AliceSprings,0
105424,AliceSprings,0
105434,AliceSprings,0
105452,AliceSprings,0
105464,AliceSprings,0
105484,AliceSprings,1
105586,AliceSprings,1
105591,AliceSprings,0
105603,AliceSprings,1
105617,AliceSprings,0
105729,AliceSprings,0
105831,AliceSprings,0
105849,AliceSprings,0
105881,AliceSprings,0
105926,AliceSprings,0
105939,AliceSprings,0
105968,AliceSprings,0
106016,AliceSprings,0
106159,AliceSprings,0
106161,AliceSprings,0
106216,AliceSprings,0
106231,AliceSprings,0
106235,AliceSprings,0
106240,AliceSprings,1
106352,AliceSprings,0
106393,AliceSprings,0
106440,AliceSprings,0
106443,AliceSprings,0
106480,AliceSprings,0
106481,AliceSprings,0
106574,AliceSprings,0
106575,AliceSprings,0
106589,AliceSprings,0
106921,AliceSprings,0
106976,AliceSprings,0
106997,AliceSprings,0
107013,AliceSprings,0
107030,AliceSprings,0
107034,AliceSprings,0
107059,AliceSprings,0
107107,AliceSprings,0
107149,AliceSprings,0
107184,AliceSprings,0
107230,AliceSprings,1
107255,AliceSprings,0
107292,AliceSprings,0
107307,AliceSprings,0
107419,AliceSprings,1
107440,AliceSprings,0
107571,AliceSprings,0
107709,Darwin,0
107760,Darwin,0
107855,Darwin,1
107870,Darwin,1
107954,Darwin,0
108090,Darwin,0
108268,Darwin,0
108333,Darwin,0
108535,Darwin,0
108721,Darwin,0
108737,Darwin,0
108774,Darwin,0
108819,Darwin,0
108861,Darwin,0
108904,Darwin,0
108913,Darwin,1
108948,Darwin,0
108969,Darwin,1
109018,Darwin,0
109049,Darwin,0
109068,Darwin,0
109072,Darwin,0
109090,Darwin,0
109170,Darwin,0
109199,Darwin,0
109212,Darwin,0
109248,Darwin,1
109261,Darwin,1
109352,Darwin,1
109468,Darwin,0
109478,Darwin,0
109479,Darwin,0
109622,Darwin,1
109647,Darwin,0
109655,Darwin,0
109760,Darwin,0
109795,Darwin,0
109880,Darwin,1
109989,Darwin,1
110270,Darwin,1
110322,Darwin,1
110348,Darwin,0
110428,Darwin,0
110509,Darwin,0
110516,Darwin,0
110551,Darwin,1
110709,Darwin,1
110777,Darwin,0
110848,Katherine,0
110861,Katherine,0
110915,Katherine,0
111040,Katherine,1
111069,Katherine,0
111111,Katherine,0
111155,Katherine,0
111182,Katherine,0
111201,Katherine,0
111214,Katherine,0
111217,Katherine,0
111223,Katherine,0
111312,Katherine,1
111318,Katherine,0
111373,Katherine,0
111384,Katherine,0
111462,Katherine,0
111544,Uluru,0
111690,Uluru,0
111716,Uluru,0
111841,Uluru,0
111858,Uluru,0
111904,Uluru,0
111908,Uluru,0
111944,Uluru,0
111951,Uluru,0
112047,Uluru,0
112268,Uluru,0
112276,Uluru,0
112414,Uluru,0
112494,Uluru,0
112583,Uluru,0
112584,Uluru,1
112590,Uluru,0
112603,Uluru,0
112624,Uluru,0
112629,Uluru,0
112781,Uluru,1
112918,Uluru,0
